<?xml version="1.0" encoding="UTF-8" standalone="yes"?>
<addon id="plugin.video.KonKorea" version="2.6.6" name="KonKorea" provider-name="Dknlght, Price, Dodgex, Goupon">
  <requires>
        <import addon="xbmc.python" version="2.1.0"/>
        <import addon="script.module.simplejson" />
        <import addon="script.module.beautifulsoup" version="3.0.8"/>
        <import addon="script.module.resolveurl" />
        <import addon="script.module.t0mm0.common" version="1.1.0"/>
        <import addon="plugin.video.youtube" version="5.4.5"/>	
  </requires>  
  <extension point="xbmc.python.pluginsource" library="ADDON.py">
        <provides>video</provides>
  </extension>
  <extension point="xbmc.addon.metadata">
    <summary>Collections of Korean series dubbed in Khmer from various site</summary>
    <description>Use at your own risk</description>
    <platform>all</platform>
  </extension>
</addon>