<?xml version="1.0" encoding="UTF-8" standalone="yes"?>
<addon id="plugin.program.KonWizard" name="Kon Wizard" version="2.4" provider-name="Goupon">
    <requires>
        <import addon="xbmc.python" version="3.0.0" />
        <import addon="script.module.requests" />
        <import addon="script.module.six" />

    </requires>
    
    <extension point="xbmc.python.pluginsource" library="default.py">
        <provides>executable</provides>
    </extension>
    
    <extension point="xbmc.service" library="startup.py" start="startup" />
    
    <extension point="xbmc.addon.metadata">
        <summary lang="en">Kon Wizard</summary>
        <description lang="en">Use at your own risk</description>
        <platform>all</platform>

        <assets>
            <icon>icon.png</icon>
            <fanart>fanart.jpg</fanart>
        </assets>
    </extension>
</addon>
