<?xml version="1.0" encoding="UTF-8" standalone="yes"?>
<addon id="plugin.video.KhmerDubbed" version="1.2.5" name="KhmerDubbed" provider-name="Dodgex, Goupon">
  <requires>
        <import addon="xbmc.python" version="3.0.0"/>
        <import addon="script.module.simplejson" />
        <import addon="script.module.beautifulsoup4" />	
        <import addon="script.module.t0mm0.common" version="3.0.0"/>
        <import addon="script.module.resolveurl" version="5.1.74"/>
        <import addon="plugin.video.youtube" version="5.4.5"/>	
        <import addon="script.module.requests" version="2.22.0"/>		
        <import addon="script.module.future" version="0.17.1"/>
  </requires>
  <extension point="xbmc.python.pluginsource" library="ADDON.py">
        <provides>video</provides>
  </extension>
  <extension point="xbmc.addon.metadata">
    <summary>Collections of Chinese series dubbed in Khmer from various site</summary>
    <description>Use at your own risk</description>
    <assets>
      <icon>icon.png</icon>
      <fanart>fanart.jpg</fanart>
    </assets>
    <platform>all</platform>
  </extension>
</addon>