<?xml version="1.0" encoding="UTF-8" standalone="yes"?>
<addon id="plugin.video.khmerdl" version="1.0.1" name="KhmerDL" provider-name="Dodge">
  <requires>
		<import addon="script.module.simplejson" />
		<import addon="script.module.requests" />
		<import addon="script.module.youtube.dl" version="14.810.0"/>
		<import addon="script.module.t0mm0.common" version="1.1.0"/>
		<import addon="script.module.beautifulsoup" version="3.0.8"/>
		<import addon="script.module.resolveurl"  version="0.0.1"/>
  </requires>
  <extension point="xbmc.python.pluginsource" library="default.py">
        <provides>video</provides>
  </extension>
  <extension point="xbmc.addon.metadata">
    <summary>Download khmer drama</summary>
    <description>Download khmer drama</description>
    <platform>all</platform>
  </extension>
</addon>