<?xml version="1.0" encoding="UTF-8" standalone="yes"?>
<addon id="plugin.video.karaoke" name="Khmer Karaoke" version="1.0.6" provider-name="Goupon">
  <requires>
    <import addon="xbmc.python" version="2.1.0"/>
    <import addon="script.module.addon.common" version="2.0.0"/>
    <import addon="plugin.video.youtube" version="5.0.0"/>
  </requires>
  <extension point="xbmc.python.pluginsource" library="default.py">
    <provides>video</provides>
  </extension>
  <extension point="xbmc.addon.metadata">
    <summary lang="en">Khmer karaoke from youtube</summary>
    <description lang="en"></description>
    <platform>all</platform>
  </extension>
</addon>
