<?xml version="1.0" encoding="UTF-8" standalone="yes"?>
<addon id="plugin.video.KonKhmer" version="2.3.1" name="KonKhmer" provider-name="Dknlght, Dodgex">
  <requires>
        <import addon="xbmc.python" version="2.1.0"/>
		<import addon="script.module.simplejson" />
		<import addon="script.module.t0mm0.common" version="1.1.0"/>
		<import addon="script.module.beautifulsoup" version="3.0.8"/>		
  </requires>
  <extension point="xbmc.python.pluginsource"
            library="ADDON.py">
        <provides>video</provides>
  </extension>
  <extension point="xbmc.addon.metadata">
    <summary>Khmer TV</summary>
    <description>Watch Video in Khmer</description>
    <platform>all</platform>
  </extension>
</addon>