<?xml version="1.0" encoding="UTF-8" standalone="yes"?>
<addon
  id="plugin.video.live"
  version="0.0.1"
  name="Live TV"
  provider-name="Dodge">
  <requires>
        <import addon="xbmc.python" version="2.1.0"/>
  </requires>
  <extension point="xbmc.python.pluginsource"
            library="ADDON.py">
        <provides>video</provides>
  </extension>
  <extension point="xbmc.addon.metadata">
    <summary>Live TV</summary>
    <description>Live TV</description>
    <platform>all</platform>
  </extension>
</addon>