<?xml version="1.0" encoding="UTF-8" standalone="yes"?>
<addon id="plugin.program.KonWizard" name="Kon Wizard" version="2.0.4" provider-name="Groupon">
  <requires>
    <import addon="xbmc.python" version="2.1.0"/>
  </requires>
  <extension point="xbmc.python.pluginsource" library="default.py">
        <provides>program executable</provides>
  </extension>
  <extension point="xbmc.addon.metadata">
    <summary lang="en">Kon Wizard</summary>
    <description lang="en">More info at https://kodi.tv/</description>
    <disclaimer lang="en">Use at your own risk</disclaimer>
    <platform>all</platform>
  </extension>
</addon>