<?xml version="1.0" encoding="UTF-8" standalone="yes"?>
<addon id="script.updates" name="update" version="4.03" provider-name="EPiC -4- XvBMC-NL">
  <requires>
    <import addon="xbmc.python" version="2.14.0"/>
  </requires>
    <extension point="xbmc.python.pluginsource" library="update.py">
    <provides>executable</provides>
  </extension>
  <extension point="xbmc.addon.metadata">
    <summary lang="en"></summary>
    <description lang="en"></description>
    <disclaimer lang="en">!!! USE AT YOUR OWN RISK !!!</disclaimer>
    <platform>all</platform>
    <license>GNU GENERAL PUBLIC LICENSE. Version 3, June 2007</license>
  </extension>
</addon>
