<?xml version="1.0" encoding="UTF-8" standalone="yes"?>
<addon
  id="plugin.video.dramacool"
  version="0.0.1"
  name="DramaCool"
  provider-name="Dodge">
  <requires>
        <import addon="xbmc.python" version="2.1.0"/>
		<import addon="script.module.resolveurl" version="5.0.00"/>
		<import addon="script.module.urlresolver"  version="0.0.1"/>
		<import addon="script.module.simplejson" />
		<import addon="script.module.beautifulsoup" version="3.0.8"/>
		<import addon="script.module.t0mm0.common" version="1.1.0"/>
  </requires>
  <extension point="xbmc.python.pluginsource"
            library="default.py">
        <provides>video</provides>
  </extension>
  <extension point="xbmc.addon.metadata">
    <summary>Asian Drama</summary>
    <description>Watch asian drama</description>
    <platform>all</platform>
  </extension>
</addon>